1;INTRERUPATOR FARA LED
2;INTRERUPATOR CU LED
3;INTRERUPATOR CAP-SCARA
4;INTRERUPATOR PT 
5;INTRERUPATOR CAP CRUCE
6;INTRERUPATOR SCHNEIDER
7;INTRERUPATOR PE FIR
8;COMUTATOR FARA LED
9;COMUTATOR CU LED
10;COMUTATOR CAP SCARA
11;COMUTATOR PT
12;COMUTATOR PT.IP44
13;COMUTATOR SCHNEIDER
14;VARIATOR TENSIUNE
15;PRIZA SIMPLA
16;PRIZA SIMPLA PT
17;PRIZA SIMPLA SCHNEIDER
18;PRIZA DUBLA ST
19;PRIZA DUBLA ELBI
20;PRIZA DUBLA PT
21;PRIZA DUBLA SCHNEIDER
22;PRIZA TELEFON
23;PRIZA ANTENA TV
24;SIG. AUTOMATA 1P*N
25;SIG. AUTOM TIP SONER
26;RIGLETA 10 A
27;RIGLETA 16 A
28;RIGLETA 20 A
29;RIGLETA 25 A
30;RIGLETA 32 A
31;RIGLET CU 3NFINGERE
32;RIGLETA CU 5INFINGERE
33;DULIE E27
34;DULIE E27 PORTELAN CU CLEMA
35;DULIE E27 BACHELITA CU MIEZ CERAMIC
36;CLEME PLASTIC TIP CUI FI-5 * FI-12
37;CLEMA METALICA FI 13
38;CLEMA METALICA FI 16
39;CLEMA METALICA FI 20
40;CLEME PLASTIC BRADUT
41;PREL 1.5M
42;BANDA IZOLIR  10M
43;BANDA IZOLIR 20M
44;SPLITER CU 2RAM
45;SPLITER CU 3RAM
46;SPLITER CU 4RAM
47;STECHER CERAMIC
48;COMUTATOR ELBI CU LED
49;LG_STECHER SCHUKO_IESIRE LATERALA EL0049620 T.V INC 0.08RON
50;PRIZA ANTENA TV ELBI
51;TRIPLU STECHER CU CP
52;TRIPLU STECHER AT
53;PREL. LOHUIS 1.5M
54;PREL. LOHUIS 3M
55;PREL. LOHUIS 5M
56;PREL. LOHUIS 10M
57;PRELUNGITOR     3M
58;PRELUNGITOR     5M
59;PRELUNGITOR 10M
60;CUPLA PREL.ATI SIMPL
61;CUPLA PREL.ATI CU 3L
62;CUPLA PREL.ATI CU 4L
63;CUPLA PREL.ATI CU 5L
64;BEC 40W 60W 75W 100W
65;CORP LED IP65 VTAC 1500MM
66;BEC CU GLOB MIC E14
67;BEC LUMANARE E27
68;BEC ECO.SPIRAL E27
69;BEC LUMANARE E14
70;BEC ECO. SPIRAL E14
71;BEC ECO.LUNG 55W
72;TABLOU ELECTRIC 36 POS
73;TABLOU ELECTRIC 6 POS
74;TABLOU ELECTRIC 8 POS
75;TABLOU ELECTRIC 12 POS
76;APLICA
77;PLAFONIERA *300
78;PLAFONIERA PATRATA
79;LUSTRA CU 1 BRAT
80;CABLU TV FOL. AL
81;CABLU TV CUPRU
82;CABLU FY  1
83;CABLU FY 1.5
84;CABLU FY 2.5
85;CABLU FY  4
86;CABLU FY  6
87;CABLU MYF 1.5
88;CABLU MYF 2.5
89;CABLU MYF  4
90;CABLU MYF  6
91;CABLU 2X0.75
92;CABLU 2X1
93;CABLU 2X1.5
94;CABLU 2X2.5
95;CABLU 3X1.5
96;CABLU 3X2.5
97;CABLU 3X2.5MASIV
98;CABLU 4X2.5
99;CABLU 4X4
100;CABLU 5X2.5
101;PAT CABLU 10X16
102;PAT CABLU 16X16
103;PAT CABLU 16X25
104;TUB PVC 13BARA
105;TUB PVC 16 BARA
106;TUB PVC 18 BARA
107;DOZA APARAT
108;DOZA APARAT PT
109;DOZA APARAT RIGIPS
110;DOZA PATRATA RIGIPS
111;DOZA DERIVATIE ROTUNDA
112;DOZA PATRATA MICA
113;DOZA PATRATA MARE
114;COPEX 13
115;COPEX 16
116;COPEX 20
117;COPEX 32
118;TUB NEON 18W
119;TUB NEON 36W
120;TUB NEON CIRCULAR 32
121;CORP 1X18W
122;CORP 2X18W
123;CORP 1X36W
124;CORP 2X36W
125;APLICA PENTRU EXTERI
126;APLICA CU SENZOR
127;PROIECTOR SENZOR 150W
128;LAMPA DE VEGHE
129;APLICA CU NEON CIRCU
130;LUSTRA CU 3BRATE
131;LUSTRA CU 2 BRATE
132;LUSTRA CU 5 BRATE
133;LUSTRA PENTRU COPII
134;SPOTURI
135;PROIECTOR 150W
136;PROIECTOR 500W
137;SIGURANTA DIFERENTIALA
138;FELINAR
139;CREION TENSINE
140;STARTER NEON
141;PUNGI
142;SONERIE FARA FIR
143;VEIOZA
144;COLIER PLASTIC
145;SENZOR 180 GRADE
146;SENZOR 360GRADE
147;COPEX 16 50M
148;COPEX 20 50M
149;PRIZA TRIFAZICA
150;STECHER TRIFAZIC
151;CABLU INTERNET
152;ROLA PT.CABLU PRIZA
153;CLEMA PAHAR 4
154;INTRERUPATOR TRIPLU ST
155;COMUTATOR ELBI
156;PINI IZO ADELEQ 1.5MM (100BUC/PUNGA) 01-439
157;CLEME   METALICE FI 8
158;TABLOU ELECTRIC 4 POS
159;TABLOU ELECTRIC 2 POS
160;CABLU 2X0.5
161;INTR.CAP SCARA PT
162;PRIZA INTERNET
163;TUB TERMOCONTRACTIBIL
164;TABLOU ELECTRIC18 POS
165;BATERIE R14
166;BATERIE ALCALINA R3
167;BATERIE CR2O25
168;LANTERNA CU BEC R6
169;LANTERNA CU BEC R20
170;LANTERNA CU LED R6
171;LANTERNA CU LED R20
172;PRIZA SIMPLA ELBI
173;TELECOM.DESIGNORIG
174;TRIPLA LEGRAND 0M
175;BATERIE 9V
176;TELECOMANDA A.C.
177;BATERIE R20
178;MUFA F TV
179;BATERIE AL.BUTON MICA
180;CABLU DIFUZOR TRANSP.
181;BATERIE AL.BUTON MARE
182;BATERIE ALCALINA R6
183;CABLU DIFUZOR ROSU/NEG
184;CABLU TV TRISLD
185;BAT.ACUMULATOR R6
186;PRIZA MOD.2P*T
187;RAMA 7MODULE
188;SUPORT 7MOD
189;SUPORT 4MODULE
190;COPEX 11
191;COPEX METALIC 14
192;BATERIE CR2032
193;BEC MR 16
194;BEC GU 10
195;BEC R50 E14
196;BEC FRIGIDER 15W
197;BEC E27/24V
198;LAMPA SOLARA
199;DOZA 3 MODULE
200;DOZA 4 MODULE
201;DOZA 6 MODULE
202;DOZA ST 153X98X70
203;DOZA ST 196X152X70
204;DOZA ST 294X152X70
205;DOZA ST 392X152X70
206;BANDA LED 30 LEDURI
207;COPEX 16 CU FIR
208;COPEX 20 CU FIR
209;CONDUCTOR MYF16
210;ELECTROD IMP.2M
211;PLATBANDA ZINC 40*4
212;SIGURANTA INDIC.LUMINO
213;COPEX METALIC 16
214;TABLOU ELECTRIC 24 POS
215;CLEMA PAHAR 6
216;CLEMA PAHAR 10
217;BARA BUS 1P*N 63A 1M
218;RELEU PAS CU PAS
219;CORP ILUMINAT STRADAL
220;BARA PT.CORP STRADAL
221;BEC EC.SPIRALA 80W
222;BEC EC.SPIRALA 55W
223;FIRIDA-BMPM BIPOLAR
224;RAMA     2 MODULE
225;RAMA     3 MODULE
226;AEROTERMA DE PERETE 2000W 2SETARI CALDURA WELL^INCLUDE T.V 2LEI FTVA/BC
227;RADIATOR
228;ADAPTOR EUROPEAN
229;BATERIE R6
230;BATERIE R3
231;PRELUNGITOR CU PROTECT
232;RAMA INTRERUPATOR
233;SPLITER INTERNET
234;MUFA IMBINARE INTERNET
235;SIGURANTA AUT.ROTUNDA
236;BANDA LED 12V 60LED
237;TRANSFORM.BANDA LED
238;UPS CENTRALA TERMICA
239;STABILIZATOR TENSIUNE
240;LANTERNA METALICA LED
241;BATERIE CR2016
242;MUFA INTERNET
243;SUPORT TELEVIZOR
244;BATERIE ACUMULATOR R3
245;PRIZA PROGRAMABILA
246;CARD MEMORIE MICRO SD
247;MEMORIE FLASH USB
248;TUB NEON CIRCULAR 40W
249;TUB NEON CIRCULAR 22W
250;DOZA PATRATA APLICATA
251;DOZA ROTUNDA APLICATA
252;BATERIE 23AE
253;BEC LED E14
254;BEC LED E27
255;PRELUNGITOR LOH.7M
256;PRELUNGITOR 7M
257;BEC MR11
258;BEC MR16 12V
259;BEC G9
260;COPEX 25
261;BATERIE CR 1620
262;BATERIE CR1616
263;PROIECTOR SENZOR 500W
264;MUFA TV
265;BEC PROIECTOR 100-150W
266;BEC PROIECTOR 300-500W
267;PRIZA MONIT.COSUM
268;CLESTE PT.INSERTIZARE
269;INCARCATOR CU ACUMULAT
270;BANDA LED 12V 120LED
271;BANDA LED 12V RGB
272;CD-R BLANK
273;DVD-R BLANK
274;TESTER CAB.NET
275;STECHER PLASTIC
276;STECHER CAUCIUC
277;CUPLA PLASTIC
278;CUPLA CAUCIUC
279;CUPLA FARA CP
280;STECHER FARA CP
281;CUPLA 3 LOC
282;CUPLA 4 LOC
283;CUPLA 6 LOC
284;CUPLA 5 LOC
285;TABLOU ELECTRIC16 POS
286;TABLOU ELECTRIC14 POS
287;CABLU TELEFON
288;INTRERUP ELBI CU LED
289;SONERIE 220V
290;CAPAC DOZA
291;RAMA 6 MODULE
292;RAMA 4 MODULE
293;SUPORT 2 MODULE
294;SUPORT 3 MODULE
295;SUPORT 6 MODULE
296;GLOB LUSTRA
297;ACUM. 12V CU GEL 100AH
298;DOZA RIGIPS ROTUNDA
299;BEC INFRAROSU
300;LANTERNA ALIM.PRIZA
301;CLEMA WAGO 3 221-413
302;CLEMA WAGO CU 5  221-415
303;INTRERUPATOR SONERIE
304;CABLU ACY ABY 3X25X16
305;PREL.PE ROLA 4PRIZE
306;BEC E27 HALOGEN ECO
307;BEC E14 HALOGEN ECO
308;PAT CABLU 12X12
309;PAT CABLU 25X25
310;PAT CABLU 40X40
311;BEC GLOB MIC E27
312;BEC G4
313;BEC MASINA CUSUT
314;CABLU 3X1.5 MASIV
315;PANOU LED 40W TIP RAMA
316;BAT.CR 123A
317;BATERII DEDICATE R6
318;FLUDOR
319;PRIZA TRIPLA ST
320;COPEX METALIC 11
321;PROIECTOR LED
322;BEC E14 R50 CU LED
323;BEC MR16 CU LED
324;BEC GU 10 CU LED
325;COT PVC
326;PLACA CONTOAR
327;CONTOAR ELECTRIC
328;DULIE MR16
329;DULIE GU10
330;APARAT WALKIE TALKIE
331;SWICH RETEA
332;CABLU HDMI
333;CABLU SCART
334;SACAZ
335;ROUTER WIRELESS
336;PAPUCI CABLU
337;BATERIE 27A
338;BATERIE CR123A
339;CONTROLER BANDA LED RGB DC12/24V SKU-3625
340;COPEX METALIC 26
341;INTRERUPATOR PT.IP44
342;INTRERUPATOR ELBI
343;BEC G6
344;CABLU 3X1
345;CABLU 3X4
346;CLEME PAHAR 2.5
347;CABLU ALARMA
348;BEC PROIECTOR LED
349;BATERIE CR1220
350;CAPAC DOZA PATRAT
351;LAMPA EXIT DAB. 30LED 
352;BATERII AUDITIVE
353;CUPLA CAUCIUC 3P
354;CUPLA CAUCIUC 4P
355;CUPLA CAUCIUC 5P
356;CUPLA CAUCIUC 6P
357;PAPUCI BANDA LED
358;CORP NEON CU LED
359;TUB NEON CU LED
360;FURTUN CU LED
361;CONTROLER FURTUN LED
362;CORP NEON 4X18W
363;TUB NEON 10W
364;TUB NEON 13W
365;PAT CABLU 20X10
366;PAT CABLU 100X40
367;PAT CABLU 120X40
368;PAT CABLU 100X60
369;PAT CABLU 120X60
370;GLOB STICLA
371;DULIE PT.GLOB STICLA
372;CABLU 4X1.5
373;BEC G4 LED
374;BEC G6 LED
375;BEC G9 LED
376;APLICA PLASTIC
377;SONDA TRAGERE PT.CABLU
378;DIBLURI CU PERCUTIE-6*40MM-200/CUTIE
379;DIBLURI+SOLSUR FI 8
380;CAMERA WI-FI 
381;PRIZA DUB.CU CAPAC PT
382;PRIZA SIMPLA CAPAC PT
383;PRIZA SIMPLA CAPAC ST
384;PRIZA TRIPLA CAPAC PT
385;PATRON SIGURANTA
386;SIGURANTA FUZIBILA
387;CABLU 4X6 MASIV
388;SIGURANTA TRIFAZICA
389;SIGURANTA TETRAPOLARA
390;MUFE PVC
391;CORP 1X18W ACOPERIT
392;CORP 2X18W ACOPERIT
393;CORP 1X36W ACOPERIT
394;CORP 2X36W ACOPERIT
395;CORP 1X15W ACOPERIT
396;SPOT APLICAT 1BR.
397;SPOT APLICAT 2BR.
398;SPOT LED ST
399;VENTILATOR CU PICIOR 3VITEZE-TAXA VERDE 3.85LEI/BUC
400;TARUS IMPAMANTARE 1.5M
401;INTRERUP SONERIE MODUL
402;BANDA LED KIT COMPLET
403;PROIECTOR LED TELECOM.
404;INTRERUPATOR COLOR
405;VENTILATOR BAIE
406;PRIZA SIMPLA COLOR
407;PRIZA DUBLA COLOR
408;ITRERUP.CP.S.COLOR
409;INTRERUP.CAP CRUCE COL
410;PRIZA TV COLOR
411;PRIZA NET COLOR
412;APLICA CU LED
413;TASTA FALSA MOD
414;INTRERUP MODULAR
415;INT.C.SCARA MODULAR
416;INT.CAP CRUCE MOD.
417;PRIZA TV.MODULARA
418;PRIZA NET MODULARA
419;PRIZA 1MOD ITALIA
420;LUSTRA PENDULA
421;BATERIE LR1
422;PRIZA TELEFON MODUL
423;DOZA 2 MODULE
424;CONTOAR TIP SIGURANTA
425;BANDA IZOLER LATA
426;PREL.LOHUIS 2M
427;BANDA PERFORATA
428;BARA BUS 1P*N
429;BEC ECO.LUNG E27
430;SENZOR CREPUSCULAR
431;DOP PROT.PRIZA
432;BEC PENTRU HOTA
433;LUSTRA 6 BRATE
434;LUSTRA 4 BRATE
435;LUSTRA CU TELECOMANDA
436;DROSER 18W
437;DROSER 36W
438;DROSER 32W
439;SIGURANTA AUTOMATA 1POL
440;SONERIE FARA FIR IP44
441;LAMPA CU BATERII
442;CROCODIL MIC
443;CROCODIL MARE
444;BEC ECO.LUNG E14
445;BATERIE 9V ALK
446;CREION TENSIUNE DIGIT.
447;PROIECTOR LED CU SENZ.
448;PANOU CU LED
449;CORP LED T5
450;DULIE CU SENZOR
451;BEC CU SENZOR
452;BEC 12V CU LED
453;BEC LED SFERIC E27
454;BEC LED SFERIC E14
455;LAMPA LUCRU PORTABILA
456;DUBLU STECHER
457;DUBLU STECHER INTRERUP
458;BAT.BUTON MICA ARGINT
459;BAT.BUTON MARE ARGINT
460;BAT.CR1216
461;BAT.CR 1632
462;CLESTE DECABLARE
463;AMPLIFICATOR SEMNAL TV
464;DULIE CU FUSTA
465;SENZOR PT USA
466;PLAFONIERA CU LED
467;PRELUNGITOR 2M
468;PREL.CERAMICA 1.5M
469;PREL CERAMICA 2M
470;PREL.CERAMICA 3M
471;PREL.CERAMICA 5M
472;PREL.CERAMICA 7M
473;ANSAMBLU BIROU 3PRIZE*2USB-TURN
474;INTRERUP.CU TELECOMAND
475;CABLU SUDURA 16
476;CORP 1X18W NEECHIPAT
477;CORP 2X18W NEECHIPAT
478;CORP 1X36W NEECHIPAT
479;CORP 2X36W NEECHIPAT
480;BEC MIC E10
481;BEC E27 INDUSTRIAL
482;SPOT APLICAT CU 3 BRAT
483;BAT. CR 2450
484;BATERIE CR 2430
485;SET SURUBELNITA
486;SET CREION TENSIUNE
487;FISA SCHUKO CU PROTECT
488;FISA SCHUKO DUBLA PROT
489;FISA SIMPLA CU INTRERU
490;CABLU 3X10 ARMAT
491;SINA OMEGA
492;FIRIDA
493;TABLOU DE SANTIER
494;CABLU 5X6
495;CABLU 5X4
496;CABLU 4X4
497;TUB NEON 14W
498;USCATOR DE PAR
499;CANTAR DE BAIE
500;CANTAR BUCATARIE
501;PRAJITOR DE PAINE
502;SANDWICH MAKER
503;DISP PT ASCU_IT CU_ITE
504;FIER DE CLCAT
505;STORCTOR CITRICE
506;MASINA DE TUNS
507;COMUTATATOR COLOR
508;PLAFONIER *250
509;PLAFONIER *400
510;SPLITER 6RAM
511;TUB NEON 15W
512;BAT V625U
513;CLESTE DECABLARE
514;PRIZ DUBL PANASONIC
515;PRIZ SIMPL PANASONIC
516;INTRERUPTOR PANASONIC
517;COMUTATOR PANASONIC
518;INTRERUP C.S.PANASONIC
519;PRIZ TV PANASONIC
520;PRIZ NET PANASONIC
521;SET CAB*STECHER
522;SET CAB*INT*STECHER
523;BLENDER DE M
524;MIXER BUCTRIE
525;CORP APLICAT2BECURI
526;CORP APLICAT3BECURI
527;INTRERUP C CRUCE PANAS
528;COPEX METALIC IZOLAT
529;ANSAMBLU BIROU 3PRIZE-TURN 
530;CUTTER DEMONTABIL
531;SET LAME CUTTER
532;APLICA OVALA LED
533;APLIC ROTUND LED
534;PLAF LED CU SENZOR
535;CLESTE SERTIZARE PINI
536;BAT CR 1025
537;SUPORT APLICAT PT SPOT
538;RAMA DEC APLIC PT SPOT
539;LAMP BIROU LED
540;INCRCTOR PT ACUMULAT
541;BEC PT CUPTORR
542;CABLU NET FTP
543;CABLU NET FTP ^UF
544;PROFIL AL.GLAX MINI 2M PT
545;CAPAC PT PROFIL AL 2M
546;TUB PL L 36W
547;BEC R63 CU LED
548;BEC R63 E27
549;PAT CABLU 20X10
550;PANOU LED PT.
551;PANOU LED ST.
552;BANDA DUBLA AD.19MM
553;BANDA DUBLA AD.12MM
554;PRIZA MULTIPLA 12P
555;PRIZA DUB.VISAGE
556;PRIZA SIMPLA VISAGE
557;COMUTATOR VISAGE
558;INTRERUP.VISAGE
559;INT.C.S. VISAGE
560;COM.C.S. VISAGE
561;INT.C.CR. VISAGE
562;PRIZA TV VISAGE
563;BANDA IZ.PANZATA
564;LANTERNA DE CAP
565;LANTERNA PE ACUM.
566;MODUL LED IP67
567;BEC LED 12V E27
568;BEC LED 24V E27
569;BANDA LED 204 LED 18W/
570;BANDA LED 120 LED 18W/
571;BANDA LED 240 LED 18W/
572;BEC LED G120 E27
573;BEC LED A80 E27
574;BEC LED CU TELECOM.
575;CORP LED FIDA 20W
576;CORP LED FIDA 40W
577;GRUP 3 PRIZE+INT
578;GRUP 4 PRIZE+INT
579;SOCLU SIG. D3
580;SUPORT TV PT.TAVAN
581;STECHER KAISER 16A
582;CVADUPRLU STEC. CU CP
583;TRIPLU STEC. F.CR
584;SPOT LED MINI
585;TIJA PENDUL SILICON
586;TIJA PENDUL PLASTIC
587;GHIRLANDA LUM.DECORATI
588;BAT.BL4 R6
589;BAT.BL4 R3
590;CASCA BLUETOOTH
591;PROFIL AL. DE COLT 90 3M/BARA ARGINTIU "
592;CABLU 3X1.5 MCCG
593;CABLU 3X2.5 MCCG
594;CABLU 2X1.5 MCCG
595;BANDA IZ.10M TEESA
596;BANDA IZ.20M TEESA
597;BANDA IZ.LATA
598;CABLU NA2XABY 5X35
599;APLICA JUMATATE
600;APLICA DE PERETE
601;BEC LED CLAR E27
602;BEC LED CLAR E14
603;DOZA COLT 2M. SIMON
604;CABLU 3X6 MASIV
605;CLEMA REC CDD
606;CORP LED FIDA 10W
607;LAMPA DE GRADINA IP44
608;PANOU PT EXT IP65
609;PRESETUPA EP PG 16 34.16
610;CAPAC CAPT PT B LED
611;SENZOR ON/OFF MISCARE DE MANA SKU-5084
612;SENZOR ON/OFF PENTRU USA SKU-5085
613;CORP LED ROTATIV
614;BEC LED E27 CU SENZ.
615;PAPUCI COL_ PT.B.LED
616;BEC LED LUM.E14
617;BEC LED LUM.E27
618;BEC LED T37 E14
619;BEC LED T37 E27
620;PLAF.CU LED PTRAT
621;DIMER CU TELECOMANDA
622;PROFIL AL. PT.BANDA LED 2M 16MMX7MM SKU-3370
623;MULTIMETRU
624;CORP 2X40W IP65 PT.LED
625;TREPIED PROIECTOR
626;PAT CAB 40*16
627;AMPLIFICATOR RGB
628;INTRERUP JALUZELE
629;ACUM LI/ION 18650
630;SINA PROIECTOR LED
631;PROIECTOR LED SINA
632;MUFA IMB. SINA 
633;APLICA EXT SOLARA
634;PASTA DECAPANTA
635;CAB SUDURA 35
636;CON CU GEL*NET
637;LAMPA EXIT DAB. 60LEDURI
638;RIGLETE CU CLICK 1.5
639;RIGLETE CU CLICK 2.5
640;BEC LED COLORAT
641;PANOU LED ST. STICLA
642;BEC LED RUSTIC
643;SPOT CU LED PT. TREPTE
644;BEC LED DIMABIL
645;STECHER CU DULIE E27
646;CABLU HDMI 5M
647;CABLU HDMI 10M
648;CAB PATCH UTP5M
649;CAB PATCH UTP15M
650;CAB PATCH UTP25M
651;PROFIL AL.GLAX MINI 3M PT NEG.
652;CAPAC PROFIL ALUM.3M
653;SURUBELNITA DREAPTA
654;SURUBELNITA ]N CRUCE
655;CORP STRADAL LED
656;CUPLA CAUCIUC 3P STEA
657;ADAP. E14-E27
658;ADAP. E27-E14
659;DOZA 3MOD RIGIPS
660;DOZA 4MOD RIGIPS
661;DOZA 6MOD RIGIPS
662;INCARCATOR PT. BAT ACU
663;BEC LED DISCO
664;PROIECTOR LED SNZ20W
665;PROIECTOR LED SNZ30W
666;BEC LED T20W
667;BEC LED T30W
668;BEC LED T50W
669;TRANSF.BANDA LED MET.
670;BEC EDISON G95
671;BEC EDISON ST48
672;BEC EDISON ST64
673;DIMER CU TELEC.
674;ACUM.AGM12V 77A
675;BAT 2CR1/3N 6V
676;BAT 476A/4LR44 6V
677;BANDA LED 220V
678;LAMPA BIROU CU ACUM.
679;SENZOR DE MI^C.MINI360
680;SENZOR DE MISC. IP65 1
681;LANTERNA DE CAP CU ACU
682;STALACTITE 120LED
683;STALACTITE 180LED
684;REZIS.TUB HALOGEN 400W
685;GHIRLANDA EXTERIOR IP44
686;SET B.L CU SENZOR
687;SENZOR 12 V
688;MODUL TOUCH 12V
689;CONTOLER SI DIMER 12V
690;BEC LED TELECOMANDA
691;VEIOZA CU LED
692;PINI IZO ADELEQ 2.5MM(100BUC/PUNGA) 01-440
693;CABLU ALIM.RADIO
694;MUFA ALIM.TATA
695;MUFA ALIM.MAMA
696;COPEX METALIC 20M
697;BANDA LED USB
698;PROFIL-LED 1M 12V
699;SONERIE EXT.DUBLa
700;BEC LED FLACARA
701;LAMPA GRADINA EXT
702;LANTERNA LED.BATERII R3
703;LANTERNA TIP BRELOC
704;BARA NUL CU SUPORT
705;SENZOR MISCARE 360GR ST
706;PENDUL SIMPLU E27
707;SED 3 DULII CU TELECOMANDA
708;CORP LED PERETE
709;CORP LED BAIE
710;INTRERUPATOR TOUCH/DIMER
711;SIGURANTA BIPOLARA
712;PRIZA TABLOU PE SINA
713;TABLOU METALIC EXTERIOR
714;BUTON 220V
715;BUTON 2 POZITII 220V
716;BUTON ON/OFF 
717;BUTON PUSH
718;SUPRA RELEU TENS.32AH
719;PRELUNGITOR 3M USB
720;PRELUNGITOR 5 M USB
721;BANDA LED RGB -W
722;REZERVA LED PT.PLAF 24W
723;PLITA ELECTRICA 1000W
724;PLITA ELECTRICA 2000W
725;ADAPTOR TIP T PT TV
726;BAGHETA LED RIGIDA
727;CABLU 3X6
728;GRUP 5 PRIZE + INT
729;GRUP 6 .PRIZE + INT
730;DULAP METALIC
731;DULAP PLASTIC
732;LANTERNA LED 3W
733;MUFA TV COT
734;COLIER PLASTIC NEGRU
735;CORP ILUMINAT DE RIGURANTA
736;LAMPA SOLARA ROMARIO
737;SPOT APLICAT CU 4 BRATE
738;ADAPTOR CALATORIE 4 IN 1
739;CORP  NEON CU 2 PRIZE APLICAT
740;CORP LED LT 18W
741;CORP LED LT 36W
742;APLICA VTAC EXTERIOR
743;CABLU 3X10 CYYF
744;CLEMA PROFIL ALUMINIU
745;PROIECTOR LED 50W
746;PROIECTOR LED 100W
747;SET 3PRIZE CU TELECOMANDA
748;BEC LED CU ACUMULATOR
749;MODUL LED RGB
750;CORP LED SLIM LT
751;STECHER CU INTRERUPATOR
752;MUFA INBINARE CABLU TV
753;CLEMA MET DE 8
754;CELMA MET.DE 10
755;CLEMA WAGO 2  221-412
756;DULIE APLICATA E27
757;DULIE APLICATA E14
758;CLEMA PAHAR 1.5
759;C.IL.CAB 19
760;C.IL.CAB 11
761;C.IL.CAB 10
762;C.IL.CAB 20
763;C.IL.CAB 12
764;MINICONRTOLER BANDA LED
765;MINICONTROLER RGB BANDA LED
766;PISTOL LIPIT CU GAZ
767;VARF PISTOL LIPIT
768;ADAPTOR E 27 LA 2 E27
769;INTRERUPATOR CU TELECOMANDA 2CAI
770;INTRERUPATOR CU TELECOMANDA 3CAI
771;CONTROLER BANDA LED MONO 4 ZONE LD-KONML-MONO
772;TELECOMANDA 4 ZONE PENTRU CONTROLER MONO LD-KONML-MONO-PIL
773;PRIZA WIFI
774;LUSTRA LED CU TELECOMANDA
775;FOARFECA DE ELECTRICIAN
776;CASTI WIRELESS
777;BOXA WIRELESS 
778;ASPIRATOR ROBOT SMART
779;LASER DE EXT/IP65
780;TERMOSTAT CU FIR
781;TERMOSTAT WIRELESS
782;TABLOU BMPTD 32A
783;SET 5CHEI CLESTI KPX
784;CLESTE VDE200 KPX
785;CLESTE VDE180 KPX
786;CLESTE SFIC140 KPX
787;CLESTE COMB 160 KPX
788;CLESTE SFIC CR140 KPX
789;CLESTE COMB 180 KPX0305180
790;FOARFECA PT CABLU KPX9511200SB
791;CLESTE COMB 180 KPX0302180
792;CLESTE SFIC 140 KPX7001140
793;CLESTE COBRA KPX8701125
794;MINI CLESTE COBRA KPX8701150
795;CLESTE COBRA HITECH KPX8701125
796;CLESTE COBRA KPX8701180
797;CLESTE COBRA KPX8701250
798;CLESTE COBRA KPX8701300
799;LUSTRA TIP CANDELABRU 3BR.
800;LUSTRA TIP CANDELABRU 5BR.
801;BAGHETA LED 220V
802;BEC LED SMART WI-FI E27
803;PLAFONIERA LED SMART WI-FI L.C-L.N-L.R
804;LUSTRA LEMN 1BR.
805;LUSTRA LEMN 2BR.
806;LUSTRA LEMN 3BR.
807;LUSTRA LEMN 4BR.
808;LUSTRA LEMN 5BR.
809;PROIECTOR CU PANOU SOLAR
810;PROIECTOR LED CU TELECOMANDA
811;PLAFONIERA LED CU TELECOMANDA
812;RAMA PT. PANOU LED
813;PRIZA MOD. USB DUBLA
814;CONTACTOR 230V
815;MUFA ALIM BANDA LED 220V
816;PRIZA CU INTRERUPATOR
817;PRIZA CU PROTECTIE
818;CABLU TEXTIL 2*0.5
819;SUPORT TAV. PT. CORP ILUMINAT
820;PLAF. LED 3X1/EFECT STELE^T.V.0.48LEI/BC*TVA
821;PROIECTOR LED 50W-SENZOR
822;RELEU DIGITAL PT. TENSIUNE 
823;LAMPA DE VEGHE-SENZOR-
824;ÎNCARCATOR PT. ACUMULATORI-USB-
825;SPOTURI ST. -STICLA-
826;CONECTOR B.LED RGB
827;CONECTOR B.LED RGBW
828;TABLOU SANTIER-380^-
829;BANDA LED 24V
830;BANDA LED 24V-IP65-
831;BANDA LED RGB-IP65-
832;BANDA LED ADRESABILA
833;PAT CAB. 10*8
834;PAT CAB. 40*25
835;PAT CAB. 60*40
836;PAT CAB. 40*25
837;TUB TERMO. CU ADEZIV
838;LAMPA SOLARA CU ACUMULATOR
839;BEC LED DECORATIV E27
840;PREL. CU PROTECTIE SI USB
841;CABLU MYYYM 5X1.5
842;CABLU MCCGI 4X16
843;MODUL LED PT. TELECOMANDA MONOCROM
844;MODUL LED PT. TELECOMANDA RGB
845;PAPUCI BANDA LED RGB
846;PAPUCI BANDA LED RGB-W
847;CABLU RGB
848;PIESA DE SEPARATIE
849;CLEMA DE DERIVATIE PT. CABLU
850;SET B.LED CU SENZOR
851;PROFIL PT. TREAPTA 
852;CAMERA WI-FI CONECT
853;VENTILATOR PORTABIL/ACUMULATOR-TAXA VERDE 0.83LEI/BUC
854;CANTAR DE BIJUTERII
855;CABLU MYYM 7*1.5
856;PRIZA INCASTRATA PT.BLAT CU 3LOC
857;CABLU NA2XABY 3X16
858;MANSON IMBIN. CAB. SMHA4 16-50
859;DECLANSATOR SCHNEIDER MAXIMA TENSIUNE
860;PLAF. PATRATA LED-TELECOMANDA
861;CEAS-REMY-SMART TUYA 6W
862;PLAF. LED 3X1-TELECOMANDA
863;TOUCH-MODUL INTRERUPATOR SIMPLU
864;TOUCH-MODUL INTRERUPATOR DUBLU
865;TOUCH-MODUL INT.CAP CRUCE/SCARA
866;TOUCH-MODUL PRIZA SCHUKO 16A
867;TOUCH-ALB-MOD.PANOU 1T
868;TOUCH-ALB-MOD.PANOU 2T
869;TOUCH-ALB-RAMA 1P
870;TOUCH-ALB-RAMA 2P
871;BEC LED R7S-J118 COB 6W
872;BEC LED R7S-J118 COB 13W
873;DULIE E14 BACHELITA-2INELE
874;DULIE E27 BACHELITA-2INELE
875;BANDA LED DIGITAL DC.5V RGB
876;LAMPA GLOB GRADINA-IP44
877;CABLU MYF 0.5
878;ANSAMBLU BIROU 3P.-2XUSB D100-1.5M
879;PRIZA SHUKO-USB ALUMINIU
880;ANSAMBLU BIROU 3PRIZE-2XUSB 1.5M
881;ANSAMBLU BIROU 3PRIZE/CAPAC-ALUMINIU/NEGRU
882;TOUCH-ALB RAMA DUBLA 1P-1T
883;TOUCH-ALB RAMA DUBLA 1P-2T
884;TOUCH-GRI PANOU S. 1T
885;TOUCH-GRI PANOU S. 2T
886;TOUCH-GRI-MODUL PRIZA SCHUKO 16A
887;TOUCH-GRI RAMA 1P
888;TOUCH-GRI RAMA 2P
889;TOUCH-GRI RAMA DUB. 1P-1T
890;TOUCH-GRI RAMA DUB.1P-2T
891;BANDA LED CU SENZOR 2.4W
892;PROIECTOR LED 20W PILA-SENZOR
893;PROIECTOR LED 50W-SENZOR
894;JGHEAB METALIC 100*40
895;CORP LED FIDA 50W -1500MM
896;TAXA TIMBRU/VERDE
897;BANDA LED RGB COB 24V
898;BANDA LED CCT 
899;BANDA LED ZIG-ZAG 
900;BANDA LED 5V 
901;MODUL TOUCH ASCUNS 12/24V
902;CONTROLER BANDA LED CCT 12/24V
903;BANDA LED RGB 24V
904;CABLU ALB/DIFUZOR 
905;BATERIE CR2354 3V
906;BATERIE CR2412 3V
907;BATERIE CR3032 3V
908;BATERIE CR 1/3N 3V
909;BATERIE CR2012 3V
910;CONDENSATOR PT PORNIRE
911;TRANSFORMATOR BANDA LED/SLIM 
912;BANDA LED COB 24V
913;LAMPA STRADALA/SOLARA
914;BANDA LED RGB-CCT 
915;MODUL TOUCH/DIMMER WIRLESS 12/24V
916;SUPORT TV UNIVERSAL/LIBER STANDING
917;ADAPTOR UNIVERSAL SKROSS
918;CONTROLER BANDA LED RGB-CCT
919;DRIVER PT PANOU LED
920;SINA MAGNETICA INCASTRATA 2M
921;SINA MAGNETICA INCASTRAT 1M
922;SINA MAGNETICA APLICATA 2M
923;SINA MAGNETICA APLICATA 1M
924;ALIM. SINA MAGNETICA 100W
925;ALIM. SINA MAGNETICA 200W
926;SPOT SINA MAG. 10W-30CM-LINIAR
927;SPOT SINA MAG.20W-60CM-LINIAR
928;SPOT SINA MAG.30W-90CM-LINIAR
929;PROIECTOR SINA MAG.12W
930;PROIECTOR SINA MAG.20W
931;SET SURURUBELNITE 1000V SOLINGEN
932;PATENT 1000V NWS-SOLINGEN
933;PROFIL AL.GLAX MINI 2M NEG.
934;CAPAC PT PROFIL MINI 2M ALB LAPTOS
935;CAPAC PT PROFIL MINI 2M ALB MAT
936;PROFIL AL. COLT 90 2M NEG."
937;CAPAC PT PROFIL COLT ALB LAPTOS
938;SET PROFIL COLT EXT. INCASTRAT 3M
939;PROFIL AL. PT BANDA LED 2M 55MMX15MM SKU-23173/RIGIPS
940;CAPAC PT PROFIL DE RIGIPS 2M
941;CAPAC TERMINAL PT PROFIL LED
942;TRANSFORMATOR UNIVERSAL
943;SPOT LED PT MOBILA 4W
944;DOZA PT IP65 180*270*100
945;REZERVA LED PT PLAF 18W
946;REZERVA LED PT PLAF 12W
947;REZERVA LED PT PLAF 36W
948;TRANSFORMATOR 24V PT BANDA LED
949;BANDA LED 24V COB 10W/M IP20**TV LAMPI LED 0.60BUC/ML
950;PROIECTOR LED 30W IP65 CU PANOU SOLAR
951;PROIECTOR LED 10W IP65 CU PANOU SOLAR 
952;BANDA LED 24V 168LED/11W/M
953;BANDA LED 24V 8W 126LED/M
954;RECEIVER WI-FI VTAC/AMAZON ALEXA/GOOGLE HOME
955;CABLU NET UTP CAT6/CUPRU
956;SPOT APLICAT LAYLA 15W/1200LM
957;TRANSFORMATOR LED 12V -IP67
958;TRANSFORMATOR LED 24V-IP67 
959;PREL. BIPOLAR 3M -CABLU 2*0.75MM
960;PREL. BIPOLAR 5M-CABLU 2*0.75MM
961;PREL. BIPOLAR 10M-CABLU 2*0.75MM
962;APLICA EXT. NEUTRON 14W IP65 
963;SPOT LED BIANCA 3W HOROZ
964;SPOT LED MONICA 1W HOROZ
965;PLAF. LED ROTUNDA IP44 
966;PLAF. LED PATRATA IP44 
967;BANDA LED RUNNIG 24V IP20
968;CONTROLER BANDA LED RUNNIG 
969;SENZOR SMART TOUCH DIMABIL PT.BANDA LED
970;SENZOR MISCARE BANDA LED 60W
971;PROFIL ALUMINIU INCASTRAT PT.BANDA LED 2M
972;PROFIL AL. INCASTRAT PT.BANDA LED 3M
973;PROFIL AL. PT. BANDA LED COLT SKU23180-2M
974;SENZOR MISCARE CU MICROUNDE
975;CABLU MYF 16
976;CABLU MYF 10
977;CABLU CYABYF 3X1.5
978;BATERIE R3 AAAA
979;TUB RIFLAT CORUGAT *40
980;CORDON F*P 3X1.5-10M 
981;CORDON F*P 3X1.5-5M
982;CORDON F*P 3X1.5-20M
983;CORDON F*P 3X1.5-30M
984;NEON FLEX-DSIDED-IP44
985;BANDA LED 24V IP65-120LED/M
986;OGLINDA LED CU TOUCH
987;PROFIL LED KIT COMPLET SKU 3363
988;NEON FLEX-ACCESORII-CABLU ALIM-DRIVER-CONECT
989;CORP-LED-LINIAR-1200MM IP44**100W
990;CORP LED LINIAR T10-72W-1200MM
991;CORP LED LINIAR T10-36W-600MM
992;SET APLICA LED 3X3W SMART WIFI RGB-IC-3BUC./SET
993;SET BANDA LED SINC. MUZICA RGB/5-24V 5A
994;SET SONERIE CU CAMERA FOTO-WIFI IP45
995;SENZOR WIFI PT. FERESTRE/USI
996;RAMA 4MOD UNICA IP55
997;DOZA APLICATA IP67-IP68
998;CAMERA WIFI-4G CU PANOU SOLAR-TUYA-CONNECT C100
999;PAT CABLU 80X40
1000;SONERIE CU SENZOR DE PREZENTA
1001;DISC DIAMANTAT FI125
1002;SPOT HOROZ MELODY LED 5W
1003;BURGHIU BETON SDS FI6
1004;VENTILATOR DE PODEA*TAXA VERDE 1.65LEI-BUC
1005;VENTILATOR DE MASA 3VITEZE-TAXA VERDE 0.83LEI/BUC
1006;SPOT EXT. VTAC VT-7677RD GU1O IP65**TAXA VERDE 0.600/BC
1007;CORP STRADAL LED CIP SAMSUNG 50W SMD 100LM/W 6500K SENZOR IP65 **TV-1LEU
1008;LUSTRA LED CU VENTILATOR SKU 7915 VT-6043-4
1009;VENTILATOR ZELMER ZSF1410**TAXA VERDE INC 4.5LEI/BC
1010;VENTILATOR CU PICIOR 40W 3TREPTE ALB**TAXA VERDE DEEE 2.2RON/BC VTAC
1011;VENTILATOR PORTABIL PAW PATROL
1012;VENTILATOR 45W MODEL TURN 79CM**TAXA DEEE 1.65/BUC#TVA
1013;VENTILATOR VERTICAL VTAC 46CU AFISAJ/TELEC.ALB/NEG.**TAXA V. 2.2/BC "
1014;CABLU AC2XABY 3X25-16 UNIFILAR
1015;CABLU AC2XABY 3X16 UNIFILAR
1016;VENTILATOR PODEA 50CM 3VITEZE MESKO
1017;CAMERA 4G 2MPX C100 SOLAR TUYA K&M
1018;LAMPA UV ANTI INSECTE 2X10W TEESA
1019;LAMPA LED ROTATIVA SENZOR/ACUM. REBEL
1020;C.IL VTAC 3X1.2W-VTAC2O489/PANOU SOLAR IP65 TARUS NEG.**TVC
1021;BANDA LED VTAC 60LED/1.2W/IP67 CU PANOU SOLAR 5M/ROLA**TVLED
1022;PROIECTOR LED CU ACUMULATOR EMOS**TV DEEE MICI 0.60/BUC
1023;PROFIL AL. BANDA LED 2M-SKU3357
1024;BANDA LED 24V 6400K IP20 5M SKU-212601
1025;SURSA ALIM.BANDA LED 24V NOCOOLER SKU-3275 
1026;SURSA ALIM. 24V BANDA LED 250W 10A SKU-3273
1027;SURSA ALIM. 24V PT BANDA LED 150W SKU-3253
1028;SURSA ALIM.24V PT BANDA LED 120W SKU-3262
1029;AEROTERMA 2000W TEESA-T.V 0.83LEI/BC PLUS TVA
1030;AEROTERMA 800/1200/2000W TEESA*TAXA VERDE 0.83LEI/BUC PLUS TVA
1031;TUB LED 18W 120CM*INCLUDE T.V. 3.E=0.26RON
1032;TUB LED 30W 120CM*INCLUDE T.VERDE
1033;CORP STRADAL SLIM LED 50W 6500K**PRETUL INC T.V. 0.75RON/BUC
1034;CABLU CYABY 3X4
1035;APLICA GRA.ANTAL 2XGU10-IP65**TVERDE INCLUS DE 0.75RON/BC
1036;BEC LED FILAMENT G125 E27 12W 2200K*TV LAMPI 0.60RON-SKU 217456
1037;SPOT ORIENTABIL LED 28W 3IN1*TV DEE MICI 1.00RON-SKU 23158
1038;SPOT ORIENTABIL LED 20W 3IN1*TV DEE MICI 0.60RON-SKU 23156
1039;EQ-PLAF.GOLD 30W-3000-6500K-AURIU-FULLY30WGOLD*COD EL0075194
1040;ER-PLAF.GOLD-40W-40CM-3000/6500K-AURIU-FULLY40WGOLD* COD EL0075195
1041;ER-PLAF.PETAL LED-80W-3CCT-ALB-TELEC.HIVES*PRETUL INCLUDE T.V. 0.75RON
1042;ER-PLAF.PETAL-48W-3CCT-TEL.HIVIES*PRETUL INCLUDE T.V-0.75/BC
1043;ER-PLAF.STAR LED-86W-3CCT/TELEC.-STARHIVES*PRETUL INCLUDE T.V.-0.75/BC
1044;ER-PLAF.SHINE LED-98W-3CCT/RGB*PRETUL INCLUDE T.V-0.75/BC
1045;LAMPA LED HEX COD-202477/5H*TAXA T.V. 0.95 CU TVA
1046;PRESA HEXAGONALA 6-50MM
1047;SURUBELNITA DREAPTA 2.5X75MM ROSIE *COD 03-260
1048;SURUBELNITA DREAPTA 4X100MM ROSIE *COD 03-261
1049;SURUBELNITA CRUCE NO0 60MM ROSIE *COD 03-264
1050;SURUBELNITA CRUCE NO1 80MM ROSIE *COD 03-265
1051;BANDA LED VTAC 24V 120LED/12W/M IP20 RGB 5M/ROLA**T.V. -0.60RON FTVA
1052;BANDA LED COB 12.5W/M 220-240V IP65 3000K ROLA 50M SKU-23721
1053;BANDA LED COB 12.5W/M 220-240V IP65 4000K ROLA 50M SKU-23722
1054;BANDA LED COB 12.5W/M 220-240V IP65 6500K ROLA 50W SKU-23723
1055;CONTROLER BANDA LED FUNCTIE DIMMER 12V 96W SKU-3300
1056;CABLU NA2XABY 5X16 
1057;ANSAMBLU BIROU GTV 3XSCHUKO*TIMBRU VERDE INCLUS* OR-GM9032-GS
1058;LANTERNA 20W CU 2ACUM. 26650 REBEL-T.VERDE 0.83LEI/BC FTVA
1059;TRANS B LED 230/12V 60W 5A SLIM^T.VERDE INCLUS 30-34712601
1060;TRANS B LED 230/12V 72W 6A SLIM^T.VERDE INCLUS 30-34712721
1061;TRANS B.LED 230/12V 48W SLIM^T.VERDE INCLUS 30-3471248
1062;TRANS B.LED 230/12V 60W SLIM^T.VERDE INCLUS 30-3471260
1063;TRANS. B.LED 230/12V 72W SLIM^T.VERDE INCLUS 30-3471272
1064;TRANS. B.LED 230/12V 48W 4A SLIM^T.VERDE INCLUS 30-34712481
1065;TRANS B.LED 230/12V 24W 2A SLIM^T.VERDE INCLUS 30-34712241
1066;TRANS B.LED 230/24V 24W 1A SLIM^T.VERDE INCLUS 30-34724241
1067;TRANS B.LED 230/24V 48W 2A SLIM^T.VERDE INCLUS 30-34724481
1068;TRANS B.LED 230/24V 60W 2.5A SLIM^T.VERDE INCLUS 30-34724601
1069;TRANS B.LED 230/24V 72W 3A SLIM^T.VERDE INCLUS 30-34724721
1070;TRANS B.LED 230/24V 24W 1A SLIM^T.VERDE INCLUS 30-3472424
1071;TRANS B.LED 230W/24V 48W 2A SLIM^T.VERDE INCLUS 30-3472448
1072;TRANS B.LED 230V/24V 60W SLIM^T.VERDE INCLUS 30-3472460
1073;TRANS B.LED 230V/24V 72W 3A SLIM^T.VERDE INCLUS 30-3472472
1074;TRANS B.LED 230V/24V 60W 2.5A MINI^T.VERDE INCLUS 30-22460
1075;TRANS. B.LED 230/24V 120W 5A MINI^T.VERDE INCLUS 30-224120
1076;TRANS. B.LED 230V/24V 150W 6.5A MINI^T.VERDE INCLUS 30-224150
1077;TRANS. B.LED 230/24V 200W 8.3A MINI^T.VERDE INCLUS 30-224200
1078;TRANS. B.LED 230V/24V 300W 12.5A MINI^T.VERDE INCLUS 30-224300
1079;TRANS. B.LED 240/12VDC 24W SLIM^T.VERDE INCLUS 30-3471224
1080;TRANS. B.LED 230/12V 60W MINI^T.VERDE INCLUS 30-21260
1081;TRANS. B.LED 230V/12V 120W 10A MINI^T.VERDE INCLUS 30-212120
1082;TRANS. B.LED 230/12V 150W 12.5A MINI^T.VERDE INCLUS 30-212150
1083;TRANS. B.LED 230V/12V 200W 16.7A MINI^T.VERDE INCLUS 30-212200
1084;TRANS. B.LED 230V/12V 300W 25A MINI^T.VERDE INCLUS 30-212300
1085;BANDA LED COB 24V/480LED/11W/M IP20 LUM. RECE^T.VERDE INCLUS 30-471110
1086;BANDA LED NEON FLEX 24V 6W/M 168LED/M 3000K 10M^T.VERDE INCLUS 30-248600
1087;BANDA LED NEON FLEX 24V 6W/M 168LED/M L.ALBA 10M^T.VERDE INCLUS 30-24861
1088;BANDA LED NEON FLEX 24V 6W/M 168LED/M L.RECE 10M^T.VERDE INCLUS 30-24860
1089;BANDA LED NEON FLEX 24V 8W/M 192LED/M RGBW 10W^T.VERDE INCLUS 30-251019
1090;CANAL CABLU PARDOSEALA 75X18MM  
1091;STATIE METEO CR-1166 CAMRY
1092;PLAF SPOT GTV VENETO 3XGU10 IP20 NEGRU-T.VERDE INCLUS*OS-VEN20W03-10
1093;PLAF. SPOT GTV VENETO 5XGU10 IP20-T.VERDE INCLUS*OS-VEN20W05-10
1094;SPOT LED ST ARMIN 12X0.1W-2700K-IP65^PRETUL INCLUDE T.V. 0.75RON/BUC
1095;CABLU 3X2.5 ARMAT CYABY
1096;CONECTOR TERMIMAL 8-12MM NEGRU SKU-5980
1097;CONVECTOR INCALZ.TELEC.2000W CR7739 CAMRY*T.V-7.50BUC/FTVA
1098;AEROTERMA TURN PTC 2000W TEESA*T.V 0.10BUC/FTVA
1099;AC2XABY 5X16 -UNIFILAR 
1100;PROIECTOR LED SMD 200W 6400K IP65*T.V 0.48RON/FTVA
1101;CONVERTOR TENSIUNE 400W 500VA KEMOT*T.V. 1.50RON/BC FTVA
1102;CONVERTOR TENSIUNE 800W 1000VA KEMOT*T.V. 1.50RON/BUC FTVA
1103;STABILIZATOR TENSIUNE SERV. 10KVA KEMOT*T.V. 19.00RON/BUC FTVA
1104;STABIL. TENSIUNE SERV.5KVA KEMOT*T.V. 9RON/BUC FTVA
1105;LAMPA CAMPING LED COB 3XAA*T.V.-0.78BUC FTVA
1106;LANTERNA BRELOC LED 750LM USB-C IP44*T.V.-0.050BUC FTVA
1107;PH-L-PROIECTOR LED 150W CCT IP65 BVP169 EL0084131
1108;RIEX EL17 LED DRIVER 12V 30W 6IESIRI MINI*INCLUDE T.RECIC. 0.44LEI/BUC
1109;RIEX EL27 LED DRIVER 24V 30W 6 IESIRI MINI*INCLUS T.RECICLARE 0.44LEI/BC
1110;RIEX EL15 LED DRIVER 12V 60W CAB. CU MINI CON.*INCL.T.REC.0.47LEI/BUC
1111;RIEX EL15 LED DRIVER 12V 80W 2XCAB. CU MINI CON.*INCLUS T.REC.0.88LEI/BC
1112;RIEX EL25 LED DRIVER 24V 50W CAB.CU MINI CON.*INCL.T.REC.0.33LEI/BC
1113;RIEX EL25 LED DRIVER 24V 75W 2XCAB.MINI CON.*INCL.T.REC.0.56LEI/BUC
1114;RIEX EL25 LED DRIVER 24V 100W*INCL.T.REC.0.58LEI/BUC
1115;RIEX EL28 LED DRIVER 24V 150W GAR.5ANI*INCL.T.REC.0.70LEI/BUC
1116;RIEX EL25 LED DRIVER 24V 30W CAB.CU CON.MINI*INCL.T.REC.0.33LEI/BUC
1117;RIEX EC35 SENZ.TACTIL 12/24V 60W*INCL.T.REC.0.09LEI/BUC F003531
1118;RIEX EC36 SENZ.INVIZIBIL ASCUNS 12/24V 60W*INCL.T.REC.0.04LEI/BC-F003532
1119;RIEX EC34 SENZ.MISCARE MONT.SUPRAFATA 12/24V 60W N.*INCL.T.REC.0.09LEI
1120;RIEX EC34 SENZ.MISC.MONT.SUPRAF.12/24V 60W ARG.*INC.T.REC.0.09LEI/BUC
1121;RIEX EC38 INTR.FARA FIR INCASTRAT/MONT.LA SUPRAF.NEG.*INCL.T.REC.0.05LEI
1122;LXMP001W INTRERUPATOR SIMPLU MECANIC TV 0.00
1123;LX-MP004W ÎNTRERUPATOR DUBLU MECANIC TV 0.00
1124;LX-MP002W ÎNTRERUPATOR SIMPLU CAP SCARA MECANIC TV 0.00
1125;LX-MP003W INTRERUPATOR SIMPLU CAP CRUCE MECANIC TV 0.00
1126;LX-MP010W PRIZA SIMPLA FARA RAMA DIN STICLA TV 0.68
1127;LX-MP026W PRIZA TV 1M TV INC 0.12 RON
1128;LX-MP025-2W PRIZA INTERNET CAT6 RJ45 1M TV INC 0.12 RON
1129;LX-MP030W PRIZA BLANK/GOALA 1M TV INC 0.00 RON
1130;LX-M1-1FW RAMA SIMPLA DIN STICLA TV INC 0.00 RON
1131;LX-M1-2FW RAMA DUBLA DIN STICLA TV INC 0.00 RON
1132;LX-M1-3FW RAMA TRIPLA DIN STICLA TV INC 0.00 RON
1133;LX-MP008 BUTON SONERIE MECANIC TV INC 0.00 RON
1134;LXD-MP004GF INTRERUP DUBLU MECANIC CU RAMA DIN STICLA TV INC 0.00 RON
1135;LXI-GF003 RAMA STICLA SEC SUPORT 3M TV INC 0.00 RON
1136;LXI-GF004 RAMA STICLA SECURIZATA /SUP 4M TV INC 0.00 RON
1137;LXI-GF006 RAMA STICLA SECURIZATA/SUP 6M TV INC 0.00RON
1138;LXI-052 MODUL PRIZA ITA 1M TV INC 0.60 RON
1139;LXI-045 MODUL PRIZA SCHUKO 16A/2M TV INC 2.40 RON
1140;LXI-032 MODUL PRIZA TV 1M T.V INC 0.12 RON
1141;LXI-008 MODUL INTRER SIMPLU MECANIC 1M TV INC 0.00 RON
1142;LX-MT-A102 INTRERUPATOR CAP SCARA/CRUCE TOUCH TV INC 0.24 RON
1143;LX-GP001 PANOU INTRERUPATOR SIMPLU TOUCH TV INC 0.00 RON
1144;LXI-042 MODUL INTR MECANIC CU VARIATOR TV INC 0.00 RON
1145;LXI-038 MODUL INTERNET 1M TV INC 0.00 RON
1146;LXI-034 MODUL SATELIT 1M TV INC 0.00 RON
1147;LX-049 PRIZA SIMPLA CU PROTECTIE TV INC 0.00 RON
1148;LXI-004 MODUL SIMPLU MECANIC 3M TV INC 0.00 RON
1149;LXI-005 MODUL INTRERUPATOR SIMPLU CAP-SCARA MECANIC 3M TV INC 0.00 RON
1150;LXI-009 MODUL INTRERUPATOR SIMPLU CAP-SCARA MECANIC 1M TV INC 0.00 RON
1151;LXI-010 MODUL INTRERUPATOR SIMPLU CAP-CRUCE MECANIC 1M TV INC 0.00 RON
1152;LXI-011 MODUL INTRERUPATOR DUBLU MECANIC 2M/1M TV INC 0.00 RON
1153;LXI-012 MODUL INTRERUPATOR DUBLU CAP-SCARA MECANIC 2M/1M TV INC 0.00 RON
1154;LXI-001 MODUL BUTON REVENIRE MECANIC SONERIE 3M TV INC 0.00 RON
1155;LXI-003 MODUL BUTON REVENIRE MECANIC SONERIE 1M TV INC 0.00 RON
1156;LXI-064 MODUL INTRERUPATOR MECANIC JALUZELE 1M TV INC 0.00 RON
1157;LXI-044 MODUL COMUTATOR PT VENTILATOR 1M TV INC 0.00 RON
1158;LXI-022 TASTA FALSA 1M TV INC 0.00 RON 
1159;LXI-037 MODUL PRIZA TELEFON 1M TV INC 0.12 RON
1160;LXI-068 MODUL PRIZA AUDIO 1M TV INC 0.12 RON
1161;LXI-047 MODUL PRIZA USB A&C 1M TV INC 0.12 RON
1162;LXI-069 MODUL PRIZA HDMI 1M TV INC 0.12 RON
1163;LXI-051 MODUL SENZOR DE MISCARE 2M TV INC 0.00 RON
1164;LXI-054 MODUL LAMPA DE VEGHE 1M TV INC 0.00 RON
1165;LXI-055 ECONOMIZOR DE ENERGIE 3M TV INC 0.00 RON
1166;HAF TRANSFORMATOR LED LOOX5 ECO   12V   20W 833.72.933 TV INC 0.75 RON
1167;HAF TRANSFORMATOR LOOX5 ECO 12V FUNCT INTR 833.72.935 TV INC 0.75 RON
1168;HAF CABLU ALIM LED LOOX5 8MM 24V CON 5A 833.95.706 TV INC 0.06 RON
1169;HAF CABLU ALIM LED LOOX5 8MM  12V  MWHITE  833.95.702  TV INC 0.06 RON
1170;HAF BANDA LED COB 12V  10W/M  4000K  50M   833.04.286   TV INC 0.75 RON
1171;HAF BANDA LED COB 12V  10W/M  3000K  50M  833.04.285  TV INC 0.75 RON
1172;HAF TRANSFORMATOR LOOX5 ECO 24V FUNC INTR  833.75.937  TV INC 0.75 RON
1173;HAF CABLU ALIM C7  PRIZA EU  250V  2M  833.89.002
1174;HAF CONECTOR COLT PT BANDA LED LOOX5  8MM  833.89.187
1175;HAF INTRERUPATOR CU BUTON PORNIT/OPRIT  CAB CON LA TRANS  2M  833.89.107
1176;HAF LED SUPORT INTRERUPATOR  D12 MM  833.89.090
1177;HAF PROFIL 2195 ALUM  CAP ALB OPAC  2.5M  833.72.987
1178;HAF PROFIL 1190 ALUM  SILVER   OPAC  2.5M  833.72.983
1179;HAF PROFIL 2190  MONTAJ APLICAT 18/9.5MM  833.72.981
1180;HAF TRANSFORMATOR LOOX5 ECO  12V  60W   833.72.967
1181;HAF INTRERUPATOR BANDA LED LOOX5  TOUCH   DIMMER  833.95.751
1182;CABLU CYY-F 5X16 TAMBUR
1183;RIEX EC44 INTRERUP.MEC. 12/24V 60W CON.MINI NEG/ALB*PRETUL INC.T.R.-0.05
1184;RIEX EC91 DISTRIB.6IESIRI 1.8M CON.MINI^PRET.INC.T.REC.0.07LEI/BUC
1185;RIEX EC92 CAB.PREL. 1.8M CON.MINI^PRETUL INC.T.REC.0.05LEI/BUC
1186;RIEX 93 CAB.CON.PT.LIPIRE 1.8M CON.MINI F003544
1187;RIEX EC94 CAB.SPLITTER Y 12/24V 0.22M CON.MINI^PRET.INC.T.REC.0.22LEI/BC
1188;BANDA LED 5MM 8W/M 24V IP2O 10M/ROLA CIP CREE T.BEC.0.48LEI/BC
1189;PRIZA MINI 1XSCHUKO-1XUSB 5V 1.9M INCASTRABIL IN MOB.TIMBRU V.INCLUS
1190;PROFIL AL.GLAX MICRO 2M PT 
1191;CAPAC DISPERSOR 2M ALB LAPTOS-PT GLAX MICRO 
1192;PROFIL AL. COLT 90 2M ARGINTIU"
1193;PROFIL AL. COLT 90 3M/BARA NEGRU"
1194;PROFIL AL.GLAX MINI 3M PT ARGINTIU
1195;CLEMA WAGO LINIAR 221-2411
1196;PROFIL AL. PT. BANDA LED 2M 17.4MMX7MM SKU-3355
1197;PROFIL AL.DE COLT PT. BANDA LED 2M SKU-3353
1198;PROFIL AL. PT. BANDA LED FLEX.2M 18MMX6MM SKU-2909
1199;ALIM. 30W 12V 2.5A IP44-T.V. 0.15LEI/BUC. SKU-2671
1200;ALIM. 42W 12V 3.5A IP44-T.V. 0.15LEI/BC*TVA SKU-2672
1201;NK-INTR AUTO-16A-1P-N 1M 4.5KA-C-101595 T.V INC 0.21 RON
1202;NK-INTR AUTO-10A-1P-N-1M-4.5KA-C-101594 T.V INC 0.21 RON
1203;NK-SEPARATOR PT FUZIBIL-30A-1000VDC-1P-101766 T.V INC 0.16 RON
1204;NK-DIF RCCB-25A-2P-6KA-30MA-AC-108314 T.V INC 0.16RON
1205;NK-DIF-RCBO-16A-1P-N-30MA-6KA-C-AC-107630 T.V INC 0.42RON
1206;ER-APLICA DETROIT LED-24W-IP54 LWL-G-24 T.V INC 0.75RON
1207;ER-PLAFONIERA CIRCLE LED-90W-3CCT-TELECOMANDA T.V INC 3.5RON
1208;HL-CORP JB LED 2*18W 1200MM IP20 2CAPETE T.V INC 3.5RON
1209;NV-CLIPS MONTAJ APARENT SINA MAGNETICA-NV-3105.48001
1210;LAMPA BIROU EMOS CHASE LED 7.2W 450LM CCT DIM 12V INC 0.55RON
1211;LAMPA BIROU EMOS EDDY LED 6W DIM T.V INC 0.55RON
1212;DISP IL. FUNDAL EMOS GOSMART AMBI LED 24W RGB PT TV 55 T.V INC 0.55RON"
1213;CUPLA EMOS CU CP 3*2.5 10M CAUCIUCAT
1214;PLAFONIERA LED 24W IP44 CU SENZ MISC-ALB T.V INC 0.48RON
1215;PLAFONIERA LED 18W IP44 CU SENZ MISC-ALB T.V INC 0.48RON
1216;PLAFONIERA LED 30W IP44 CU SENZ MISC-ALB T.V INC 0.48RON
1217;PLAFONIERA LED 24W IP44 CU SENZ MISC-NEGRU T.V INC 0.48RON
1218;SURSA ALIM SLIM 24V 36W 1.5A IP20 T.V INC 0.15RON
1219;SURSA ALIM SLIM 24V 60W 2.5A IP20 T.V INC 0.15RON
1220;SURSA ALIM SLIM 24V 75W 3.1A IP20 T.V INC 0.15RON
1221;SURSA ALIM SLIM 24V 120W 5A IP20 T.V INC 0.75RON
1222;SURSA ALIM SLIM 12V 75W 6.25A IP20 T.V INC 0.75RON
1223;SURSA ALIM SLIM 12V 120W 10A IP20 SKU-24257 T.V INC 0.75RON
1224;SURSA  ALIM SLIM 12V 150W 12.5A IP20 SKU-24258 T.V INC 0.75RON
1225;SURSA  ALIM SLIM 12V 200W 16.5A IP20 SKU-24259 T.V INC 0.75RON
1226;SURSA  ALIM SLIM 12V 250W 20.83A  IP20 SKU-24260 T.V INC 0.75RON
1227;SURSA  ALIM SLIM 12V 360W 30A IP20 SKU-24261 T.V INC 0.75RON
1228;PLAFONIERA LED 18W IP44 CU SENZ MISC-NEGRU T.V INC 0.48 RON
1229;BANDA LED COB 24V/320LED/8W/M IP20 LUM ALBA 30-4781 T.V INC
1230;TRANS PT LED 230V/24V 600W IP20 05-040/600 T.V INC
1231;PRIZA IND SEZ APLIC SCHUKO 5*16A IP44 IZVZ1653/S
1232;PRIZA IND SEZ APLIC SCHUKO 5*32A IP44 IZVZ3253/S
1233;BANDA LED COB 12V T.V INC
1234;ER-CANDELABRU CRISTAL-9XE14-40W IP20 T.V INC 1.5RON
1235;ER-APLICA FLAME LED-30W-3CCT-2850LM T.V INC 1.5RON
1236;ER-PLAFONIERA NIGHT LED-55W-3CCT-4880LM IP20 T.V INC 1.5RON
1237;ER-LUSTRA GLOVY LED-125W-3CCT-7500LM IP20 T.V INC 1.5RON
1238;ER-SET ACCESORII BANDA LED-230V MONOCOLOR
1239;ER-LUSTRA ORO LED-52W-56CM T.V INC 1.5RON
1240;ER-BANDA LED-230V-COB-10W/M IP65 T.V INC 0.06
1241;ER-CABLU ALIM-BANDA-LED-COB-230V-IP65-MONO-EL0084931
1242;ER-LUSTRA LUMIA LED-90W-3CCT-6300LM-IP20 T.V INC 1.5RON
1243;ER-APLICA REVI LED-20W-3CCT-1700LM T.V INC 0.75RON
1244;ER-PLAFONIERA SENZOR DECO-18W-IP20 T.V INC 1.5RON
1245;ER-PLAFONIERA LUMIX LED-45W-3CCT-4450LM-IP20 T.V INC 1.5RON
1246;ER-APLICA LENA-1XE27-MAX60W-IP20 T.V INC 0.75RON
1247;ER-PENDUL LIBRA LED-40W T.V INC 0.75RON
1248;NK-BUSBAR-TIP PIN-2P-BBP 2LN10M12-111407
1249;ER-PLAFONIERA AMELIA LED-120W-3CCT/RGB T.V INC 3.5RON
1250;ER-PLAFONIERA EUROPE LED-140W-3CCT T.V INC 3.5RON
1251;ER-PLAFONIERA LED-GALAXY-24W-1680LM IP20 T.V INC 0.75RON
1252;ER-PLAFONIERA INFINITY LED-112W-3CCT T.V INC 0.75RON
1253;ER-PLAFONIERA KARL-100W LED-6700LM-IP20 T.V INC 3.5RON
1254;ER-PLAFONIERA MACARON LED-52W-CCT T.V INC 3.5RON
1255;ER-PLAFONIERA ICE LED-55W-3CCT&RGB T.V INC 0.75RON
1256;ER-PLAFONIERA TETRA LED-60W-3CCT&RGB T.V INC 0.75RON
1257;ER-SPOT BART LED-18W-2160LM-IP20 T.V INC 0.75RON
1258;ER-PENDUL GLINT-3*E27-MAX60W-IP20 T.V INC 1.5RON
1259;ER-PENDUL PLAYER-1*E27-MAX60W-IP20 T.V INC 0.75RON
1260;ER-PENDUL GLACE-3*E27-MAX60W-IP20 T.V INC 1.5RON
1261;ER-APLICA MONTY LED-4W-IP54 T.V INC 1.5RON
1262;ER-APLICA AGATA LED-12W-3CCT T.V INC 0.75RON
1263;ER-APLICA ANNA LED-28W-3CCT-IP20 T.V INC 0.75RON
1264;ER-APLICA ARIA LED-28W-3CCT-IP20 T.V INC 0.75RON
1265;ER-PLAFONIERA EVIS LED-60W-3CCT T.V INC 0.75RON
1266;ER-PLAFONIERA LED-DIAMONDS-24W-1800LM-IP20 T.V INC 1.5RON
1267;ER-PLAFONIERA RUUT LED-24W-SENZOR-IP54 T.V INC 0.75RON
1268;ER-LAMPA BATH LED-14W-60CM-IP44-14WBOLANG T.V INC 0.75RON
1269;ER-LAMPA BATH LED-12W-50CM-IP44-12WBOLANG T.V INC 0.75RON
1270;ER-PLAFONIERA FLUX LED-28W-2660LM-IP20 T.V INC 0.75RON
1271;ER-PLAFONIERA DARS LED-28W-32CM-IP54 T.V INC 0.75RON
1272;ER-PLAFONIERA MAXI led-110w-7700lm-3cct-ip20 t.v inc 1.5ron
1273;ER-PLAFONIERA PEARL LED-52W-3CCT T.V INC 0.75RON
1274;ER-PLAFONIERA SONNE LED-110W-3CCT T.V INC 0.75RON
1275;ER-LUSTRA LED-HALO-60W-3300LM T.V INC 1.5RON
1276;ER-PENDUL STYLE LED-140W-1M-3CCT T.V INC 1.5RON
1277;ER-PENDUL LED-COCKTAIL-52W-2940LM T.V INC 1.5RON
1278;ER-PLAFONIERA VENTILATOR BREEZY-48W-CCT-49CM T.V INC 1.5RON
1279;ER-APLICA MILANO LED-13W-IP65 T.V INC 1.5RON
1280;ER-APLICA RANDY LED-6W-IP65 T.V INC 0.75RON
1281;ER-SPOT KABO LED-10W-1150LM-IP20 T.V INC 0.75RON
1282;ER-SPOT KABO LED-15W-1725LM-IP20 T.V INC 0.75RON
1283;CABLE CLIPS SET 20 BUC MK5535
1284;CABLE HOLDER SET 5 BUC MK5539
1285;CABLE CLIPS SET 6 BUC MK5541
1286;CABLE CLIPS SET 4 BUC MK5554
1287;CEAS MULTIFUNCTIONAL REBEL URZ3219-1 T.V INC 0.1RON
1288;KIT BANDA LED SMART SMD5050 54LED/M RGB*CCT 12V IP65 5M SKU-2628
1289;SUPORT UNIVERSAL LED TV 32-55" K&M KM1301"
1290;SUPORT UNIVERSAL LED TV 23-55" K&M KM1303"
1291;SUPORT UNIVERSAL LED TV 32-55" K&M KM1304"
1292;SUPORT LCD 27-60 40KG UCH0022"
1293;SUPORT LCD 32-55 40KG UCH0022-S"
1294;SUPORT UNIVERSAL LED TV 26-55" UCH0151 "
1295;SUPORT UNIVERSAL LED TV 13-42" CU INCLINARE UCH0153"
1296;SUPORT UNIVERSAL LED TV 37-70 CU INCLINARE UCH0155"
1297;SUPORT UNIVERSAL LED TV 13-42 UCH0194"
1298;SUPORT UNIVERSAL LED TV 32-55 UCH0197-1"
1299;SUPORT TV 13-42 PIVOTARE ORIZ/VERT UCH0214"
1300;SUPORT TV 13-42 PIVOTARE ORIZ/VERT UCH0215"
1301;PROFIL ALUM PT BANDA LED 2M 50MMx10MM ARG SKU-24102
1302;PROFIL ALUM PT BANDA LED 2M 17MMx14MM ARG SKU-24104
1303;PROFIL ALUM PT BANDA LED 2M 17MM*14MM ARG SKU-24105
1304;PROFIL ALUM PT BANDA LED 2M 17MM*10MM ARG SKU-24106
1305;PROFIL ALUM PT BANDA LED FLEXIBIL 2M 18MM*6MM SKU-2909
1306;PROFIL ALUM PT BANDA LED 2M 24 7MM*7MM MAT SKU-3350
1307;PROFIL ALUM INCASTRAT PT BANDA LED 2M 53MM*12 5MM SKU-3360
1308;PROFIL ALUM PT BANDA LED 2M 17 4MM*7MM NEGRU SKU-2873
1309;PROFIL ALUM INCASTRAT PT BANDA LED 2M 61MM*27 5MM SKU-3359
1310;PROFIL ALUM PT BANDA LED 2M NEGRU 17 2MM*14 4MM SKU-2878
1311;NV_CONECTOR 180 HEXANET IP40_X EL0085004 T.V INC 0.06RON
1312;NV_CONECTOR 90 HEXANET IP40_X EL0085006 T.V INC 0.06RON
1313;NV_CONECTOR 120 HEXANET IP40_X EL0085005 T.V INC 0.06RON
1314;NV_CONECTOR T HEXANET IP40_X EL0085008 T.V INC 0.06RON
1315;NV_CONECTOR Y HEXANET IP40_X EL0085007 T.V INC 0.06RON
1316;NV_CABLU ALIMENTARE HEXANET 1 5M 2*0 75MM2_X EL0085009 T.V INC 0.15RON
1317;NV_KIT SUSPENDARE HEXANET 2M_X EL0085010
1318;NV_CORP LINIAR LED T5 HEXANET 8W 440MM IP40_X EL0085003 T.V INC 0.75RON
1319;PALETA ELECTRICA SWATTER ANTI-INSECTE TEESA TSA0163.1 T.V INC 0.75RON
1320;USCATOR PAR PRO-DRY 500 AC 2300W TEESA TSA0511 T.V INC 0.75RON
1321;CANTAR PERSOANE STICLA TEESA TSA0801 T.V INC 0.75RON
1322;FIEBATOR ELECTRIC CORDLESS 1.7L TEESA TSA1511B T.V INC 0.15RON
1323;FIER DE CALCAT SLIDE PRECISION 3000 TEESA TSA2011 T.V INC 0.75RON
1324;TOASTER 700W TEESA TSA3301 T.V INC 0.15RON
1325;VENTILATOR PICIOR CU TIMER TEESA TSA8021 T.V INC 3.5RON
1326;CABLU MCCGI 4*2.5 
1327;PROFIL AL.GLAX MINI 3M PT ALB PA-GLAXMNK3M-AL-10
1328;PROFIL AL.GLAX MINI 3M PT ALUM
1329;PROFIL ALUM GTV GLAX MINI HIGH 3M PT 
1330;CAPAC DISPERSOR GTV 2M ALB MAT (PROFIL  GLAX MINI)
1331;PROFIL ALUM GTV COLT 90' 3M NEGRU MAT PA-GLAXNKKT3M-AL-20M
1332;CAPAC DISPERSOR GTV 3.05M/BARA ALB LAPTOS (PT PROFIL ALUM)
1333;PROFIL ALUM GTV GLAX 2M ST ALB PA-GLAX-AL-10
1334;CAPAC DISPERSOR GTV 2M ALB LAPTOS PA-OSMLGLAX-00
1335;PROFIL ALUM GTV GLAX 3M ST ALB PA-GLAX3M-AL
1336;CLEMA WAGO IMBINARE_10P_FY/MYF 0.2-4MM 221-420 EL0085827
1337;PRESETUPA EP PG 13.5 34.13
1338;PRESETUPA EP PG 21 34.21
1339;CONTROLLER PENTRU BANDA LED CU TOUCH DC12/24V SKU-2590
1340;CONTROLLER PENTRU BANDA LED RGB+W DC12/24V SKU-3326
1342;LED DIMMER DC12V/24V 8A 30-332
1343;BANDA LED AUTOCOL ALB CALD 12V 14.4W IP20 5M/ROLA 05-34129/CALD
1344;DULIE E27 BACHELITA NEAGRA 00-856/NEGRU
1345;DULIE E27 BACHELITA ALBA 00-856/ALB
1346;DIMMER SI CONTROLLER 12V/24V PT BANDA LED CCT 17A WIFI T.V INC 30-3617
1347;DIMMER SI CONTROLLER BANDA LED 25A WIFI 12/24V T.V INC 30-3625
1348;TELECOMANDA DIMMER CCT 2IN1 CONTROLLER MONO 30-367 T.V INC
1349;DIMMER SI CONTROLLER 12/24V BANDA LED RGB/W 15A T.V INC 30-3616
1350;TELECOMANDA DIMM RGB/W+CCT 5IN1 30-366 T.V INC
1351;SH_N.UNICA_ALB_RAMA 7M_NU210718
1352;SH_N.UNICA_SUPORT 7M METAL_NU7107
1353;SH_N.UNICA_ALB_RAMA 4M_NU210418
1354;SH_N.UNICA_SUPORT 4M PLASTIC_NU7104P
1355;SH_N.UNICA_ALB_PRIZA SCHUKO 2M_NU303618 T.V INC 0.06RON
1356;SH_N.UNICA_ALB_TASTA FALSA 1M_NU986518
1357;SH_N.UNICA_ALB_INTR CAP SCARA 1M_NU310318 T.V INC 0.06RON
1358;SH_N.UNICA_SUPORT 3M PLASTIC_NU7103P
1359;SH_N.UNICA _ALB_RAMA 3M_NU210318
1360;SH_N.UNICA_ALB_PRIZA USB_A+C_12W_1M_NU301618
1361;SH_N.UNICA_SUPORT 2M PLASTIC DOZA ROT_NU7002P
1362;SH_N.UNICA_ALB_RAMA 1P DOZA ROT_NU200218
1363;SH_N.UNICA_ALB_PRIZA ITALIAN 1M_NU303118 T.V INC 0.06RON
1364;SH_N.UNICA_SUPORT 2M METAL DOZA ROTUNDA_NU200218
1365;SH_N.UNICA_ALB_PRIZA SCHUKO P COPI 2M_NU303718 T.V INC 0.06RON
1366;SH_N.UNICA_ALB_PRIZA SCHUKO CAPAC 2M_NU303718TA T.V INC 0.06RON
1367;SH_N.UNICA_ALB_INTR JALUZELE 1M_NU310818SC
1368;SH_ASFORA_ALB_PRIZA DUBLA SCHUKO_EPH9900121 T.V 0.15RON
1369;TG_PRIZA DUBLA PT_IP55_1205.101 T.V INC 0.75RON
1370;SH_N.UNICA_ANTRACIT_RAMA 2M_NU210254
1371;SH_N.UNICA_ANTRACIT_RAMA 3M_NU210354
1372;SH_N.UNICA_ANTRACIT_INTRERUPATOR 1M_NU210354 T.V INC 0.06RON
1373;SH_N.UNICA_ANTRACIT_INTRERUPATOR 2M_NU320154
1374;SH_N.UNICA_ANTRACIT_INTR CAP SCARA 1M_NU310354 T.V INC 0.06RON
1375;SH_N.UNICA_ANTRACIT_INTR CAP CRUCE 1M_NU310554 T.V INC 0.06RON
1376;SH_N.UNICA_ANTRACIT_RAMA 4M_NU210454
1377;SH_N.UNICA_ANTRACIT_RAMA 7M_NU210754
1378;SH_N.UNICA_ANTRACIT_PRIZA SCHUKO 2M_NU303754 T.V INC 0.06RON
1379;SH_N.UNICA_ANTRACIT_PRIZA SCHUKO 1M_NU303154
1380;SH_N.UNICA_ANTRACIT_PRIZA RJ45 UTP CAT5E 1M_NU341054
1381;SH_N.SEDNA_ALB_INTRERUPATOR CRUCE_SDD111107
1382;SH_N.SEDNA_ALB_MEC INTR CAP SCARA_SDD111106
1383;SH_N.SEDNA_ALB_MEC INTR DUBLU_SDD111105
1384;SH_N.SEDNA_ALB_ME PRIZA SCHUKO 16A_SDD111021
1385;SH_N.SEDNA_ALB_PRIZA DUBLA SCHUKO_16A_SDD311221
1386;SH_N.SEDNA_ALB_MEC PRIZA TV CAPAT_SDD111471
1387;SH_N.SEDNA_ALB_RAMA 2P_SDD311802
1388;SH_N.SEDNA_ALB_RAMA 3P_SDD311803
1389;SH_N.SEDNA_ALB_RAMA 1P_SDD311801
1390;SH_N.SEDNA_ALB_MEC INTR_SDD111101
1391;SH_UNICA_ALB_2P_DOZA PT_NU800218
1392;SH_UNICA_ALB_3P_DOZA PT_NU810318
1393;SH_UNICA_ALB_4P_DOZA PT_NU810418
1394;SH_UNICA_ALB_3P_DOZA MONT APARENT_NU800618
1395;DOZA APARAT PT GW_3M_IP40_GW27003
1396;DOZA APARAT PT GW_4M_IP40_GW27004
1397;DOZA APARAT PT GW_8M_IP40_GW27006
1398;DOZA APARAT PT GW_2M_IP55_GW27042
1399;DOZA APARAT PT GW_3M_IP55_GW27043
1400;DOZA APARAT PT GW_4M_IP55_GW27044
1401;CORP LINIAR LED LT111 V2 FAGU 100W 1200MM_X HL EL0084383 T.V INC 3.5RON
1402;SH_ASFORA_ALB_INTR_EPH0100121
1403;SH_ASFORA EM ALB RAMA 1P_NOU_EPH5805121
1404;SH_ASFORA_ALB_MEC INTR DUBLU_EPH0370121 T.V INC 0.06RON
1405;SH_ASFORA_ALB_MEC INTR CAP SCARA_EPH0470121 T.V INC 0.06RON 
1406;SH_ASFORA_ALB_MEC INTR REVENIRE_EPH0470121 T.V INC 0.06RON
1407;SH_ASFORA_ALB_MEC PRIZA SCHUKO CU CAPAC_EPH3170121 T.V INC 0.06RON
1408;SH_ASFORA_ALB_MEC PRIZA TV CAPAT 1dB_EPH3270121 T.V INC 0.06RON
1409;APLICA EXTERIOR HOROZ PROTON-6 LED6W 540LM IP65 NEG 076-039-0006 T.V INC
1410;SPOT INCASTR HOROZ LOGAN LED5W450LMCCT IP65NEG016-085-0005-020 T.V INC
1411;SPOT INCASTR HOROZ LOGAN LED5W450LM CCT IP65ALB 016-085-0005-010 T.V INC
1412;SPOT HOROZ NORA PRO-5 LED5W 3CCT NEG 016-053-1005-020 T.V INC
1413;SPOT HOROZ NORA-PRO/S LED5W 3CCT AJUST NEG 016-078-1005-020 T.V INC
1414;ER-LAMPA DE BIROU JAFF LED5W3CCT ALB IP20 EL0081487 T.V INC 0.75RON
1415;ER-LAMPA DE VEGHE BULB LED1W WW/CW ALB IP20 ELL0081484 T.V INC 0.15RON
1416;ER-LAMPA DE VEGHE FLINKY LED1W WW/CW ALB IP20 EL0081485 T.V INC 0.15RON
1417;ER-LAMPA DE VEGHE LADYS LED1W CW ALB IP20 EL0081481 T.V INC 0.15RON
1418;ER-LAMPA SOLARA SOLUX 30CM EL0083463 T.V INC 0.06RON
1419;ER-LAMPA SOLARA FERRY 30CM EL0078022 T.V INC 0.06RON
1420;ER-LAMPA SOLARA SPARK 50CM EL0078021 T.V INC 0.06 RON
1421;ER-LAMPA SOLARA SOLE 33CM RGB EL0083462 T.V INC 0.06RON
1422;ER-LAMPA SOLARA VEGASTAR 37CM EL0078025 T.V INC 0.06RON
1423;HL-APLICA SOLARA LED SENZOR MINI IP44 EL0081074
1424;TELECOMANDA BEKO  GRUNDIG 
1425;TELECOMANDA DOLCE
1426;TELECOMANDA LCD ALLVIEW
1427;TELECOMANDA LCD DIAMANT  SMARTTECH
1428;TELECOMANDA HITACHI  JVC  TOSHIBA  HORIZON
1429;TELECOMANDA LCD HORIZON  VORTEX   AKAI  ORION
1430;TELECOMANDA JVC
1431;TELECOMANDA LCD ORION
1432;TELECOMANDA LCD SMARTTECH
1433;TELECOMANDA VESTEL  AKAY  BUSH
1434;TELECOMANDA VESTEL   TOSHIBA  HITACHI
1435;TELECOMANDA VORTEX
1436;TELECOMANDA NEI
1437;TELECOMANDA RECEPTOR SATELIT DIGI HD
1438;TELECOMANDA SAMSUNG SMART TV SOLARA
1439;TELECOMANDA UNITRONIC UNIVERSALA TOSHIBA
1440;TELECOMANDA TV LED H004
1441;TELECOMANDA ORIGINALA PHILIPS 996596003606
1442;TELECOMANDA ORIGINALA 
1443;LUSTRA QUARK 06347/2 T.V INC 0.8RON
1444;DOZA DIETZEL APARAT ST FAGURE 70MM D-ASDT-70
1445;TUB COPEX PRIMA FI 13 CU SARMA GRI 50 ML HALOGEN FREE TFE0FG13/50M
1446;BATERIE CEAS V321 VARTA 321101111
1447;BATERIE CEAS AG1 V364 VARTA 364101111 
1448;BATERIE CEAS AG6 V370 VARTA 370101111
1449;BATERIE CEAS AG4 V377 VARTA 377101111
1450;BATERIE 9V VARTA LONGLIFE MAX POWER 4722101401
1451;BATERIE AAA VARTA LONGLIFE POWER
1452;TUB MONOGEL 300ML IP68 RAYTECH
1453;LX-ST-101 INTRERUPATOR SIMPLU DIN SILICON CU TOUCH
1454;LX-LEDAP ADAPTOR ANTI-LICARIRE LED
1455;HL-APLICA SOLARA LED_SENZOR_IP54 EL0081076 T.V INC 0.15RON
1456;PROFIL AL RIGIPS NEW ST PT 2M CU DISPERSOR SI CAPAC LUMEN 30-154009
1457;BANDA LED COB 24V/480LED/11W/M IP20 LUM. ALBA 30-47111 T.V INC
1458;BANDA LED 230V 120LED/15W/M IP65 4000K 30-36151 T.V INC
1459;CONECTOR PT BANDA MONOCOLORA CU LED(8MM) 30-52
1460;CONECTOR CURBA PT BANDA LED MONOCOLORA CU LED(8MM) 30-54
1461;CONECTOR BANDA LED LUMEN 8MM CU CABLU MONOCOLOR 30-321
1462;CONECTOR BANDA LED LUMEN FARA CABLU 8MM MONOCOLOR 30-320
1463;CONECTOR CURBA BANDA LED LUMEN MONOCOLOR
1464;BANDA LED COB 24V/608LED/12W/M IP20 CCT 30-47128 T.V INC
1465;TUB FLEXIBIL PVC 16 CU FIR TRAGERE 651216
1466;TUB FLEXIBIL PVC 20 CU FIR TRAGERE 651220
1467;CONTOR ELECTRONIC FZ_MONOFAZAT_230V_80A EL0082845
1468;LAMPA LED HEX RGB 202478/5H T.V INC 0.97RON
1469;OV_NOU_TABLOU SIGURANTE_36M_IP40_INCASTRAT EL0059149
1470;GW_TUB FLEXIBIL_FIR_20MM_NEGRU_COLAC 100M EL0009413
1471;LG_CUPLA SCHUKO_IESIRE DREAPTA EL0058676 T.V INC 0.08RON
1472;LG_CUPLA SCHUKO_INEL EXTRAGERE EL0052632 T.V INC 0.08RON
1473;LG_STECHER SCHUKO_INEL EXTRAGERE EL0049622 T.V INC 0.08RON
1474;PISTOL PT SUDURA PLASTIC + ACCESORII RTV0400137
1475;SET CAPSE PT APARAT SUDAT PLASTIC RTV0400192
1476;BEC E27 G95 CU FILAMENT LED 6W 2700K SKU-214305 T.V INC 0.48RON
1477;BEC E27 G95 CU FILAMENT LED 6W 4000K SKU-214306 T.V INC 0.48RON
1478;BEC E27 G95 CU FILAMENT LED 6W 6500K SKU-214307 T.V INC 0.48RON
1479;BEC G125 E27 10W CU FILAMENT 3000K SKU-214422 T.V INC 0.48RON
1480;BEC G125 E27 10W CU FILAMENT 4000K SKU-214423 T.V INC 0.48RON
1481;BEC G125 E27 10W CU FILAMENT 6500K SKU-214424 T.V INC 0.48RON
1482;PANOU LED 40W 60CMx60CM 6400K SKU-216025 T.V INC 0.48RON
1483;ER_PLAFONIERA BUTTERFLY_LED_100W_3CCTRGB_8500LM EL0086909 T.V INC 3.5RON
1484;CONTROLER BANDA LED RGBW 4 ZONE LD-KONML-RGBW
1485;TELECOMANDA RGBW 4 ZONE LD-KONML-RGBW-PIL
1486;CONTROLER BANDA LED MONO 6A DC12/24V WIFI AD-TL-6501
1487;CONTROLER BANDA LED RGB 18A DC12/24V WIFI AD-TL-6501-RGB
1488;CONTROLER BANDA LED RGBW 24A DC12/24V WIFI AD-TL-6501-RGBW
1489;INTR GTV TOUCH PT BANDA LED 12V 60W AE-WLPR-60 T.V INC
1490;PANOU COMANDA(TELECOMANDA) 4 ZONE 2.4G CU TOUCH
1491;PANOU COMANDA(TELECOMANDA) 4 ZONE RGB 2.4G
1492;CONTROLER RGB+TELECOMANDA 220-240V 8A 
1493;MINI PANOU COMANDA(TELECOMANDA) CCT 2.4G 
1494;COMUTATOR TACTIL 12V 50W CABLU 50CM DIMABIL AE-WPDRW-00DIM T.V INC
1495;PRELUNGITOR BIPOLAR 1.5M CABLU 2x0.75MM ALB 01-099
1496;PRELUNGITOR BIPOLAR 3M CABLU 2x0.75MM ALB 01-100
1497;PRELUNGITOR BIPOLAR 10M CABLU 2x0.75MM ALB 01-102
1498;PRELUNGITOR BIPOLAR 5M 2x0.75MM ALB 01-101
1499;CABLU DBL PT BOXE 2x0.5mmp rosu/negru 9-51050
1500;PINI IZO ADELEQ 4MM (100BUC/PUNGA) 01-441
1501;PINI IZO ADELEQ 6MM(100BUC/PUNGA) 01-442
1502;PINI IZO ADELEQ 16MM(100BUC/PUNGA) 01-444
1503;PAPUCI CUPRU NO 16/08MM 01-502/08
1504;BANDA LED COB 24V/320LED/8W/M IP20 LUM CALDA 30-47800 T.V INC